data_src, model, feature, duration, train_acc, train_auc, test_acc, test_auc, valid_acc, valid_auc
       lol,            lR_C1e-05, champion_one_team_sparse,0,0.53714,0.55387,0.54003,0.55488,0.53422,0.55086
       lol,           lR_C0.0001, champion_one_team_sparse,0,0.54109,0.55867,0.54401,0.55857,0.53831,0.55501
       lol,            lR_C0.001, champion_one_team_sparse,0,0.54514,0.56491,0.54375,0.56252,0.54163,0.55995
       lol,             lR_C0.01, champion_one_team_sparse,0,0.54658,0.56678,0.54501,0.56321,0.54246,0.56131
       lol,              lR_C0.1, champion_one_team_sparse,0,0.54679,0.56691,0.54496,0.56315,0.5433,0.56139
       lol,              lR_C1.0, champion_one_team_sparse,0,0.5467,0.56691,0.54503,0.56313,0.54333,0.56138
       lol,             lR_C10.0, champion_one_team_sparse,0,0.54668,0.56691,0.54495,0.56312,0.54343,0.56138
       lol,            lR_C100.0, champion_one_team_sparse,0,0.54668,0.56691,0.54493,0.56312,0.54342,0.56138
       lol,           lR_C1000.0, champion_one_team_sparse,0,0.54668,0.56691,0.54493,0.56312,0.54342,0.56138
       lol,          lR_C10000.0, champion_one_team_sparse,0,0.54668,0.56691,0.54493,0.56312,0.54342,0.56138
       lol,       NN_hiddenunit3, champion_one_team_sparse,7.33,0.54974,0.57059,0.54332,0.55872,0.54249,0.55798
       lol,       NN_hiddenunit5, champion_one_team_sparse,10.33,0.55431,0.57646,0.5417,0.55803,0.53962,0.55586
       lol,       NN_hiddenunit7, champion_one_team_sparse,12,0.55732,0.58167,0.53822,0.5525,0.53583,0.55183
       lol,       NN_hiddenunit9, champion_one_team_sparse,14,0.56122,0.58624,0.53645,0.55065,0.53717,0.55153
       lol,      NN_hiddenunit11, champion_one_team_sparse,16.33,0.5645,0.59071,0.53399,0.54823,0.53735,0.55068
       lol, gbdt_ntree50_lr0.1_md3_msl1, champion_one_team_sparse,9.67,0.54108,0.56089,0.53528,0.54889,0.53367,0.54623
       lol, gbdt_ntree50_lr0.05_md3_msl1, champion_one_team_sparse,10.67,0.5323,0.55099,0.53024,0.54381,0.52761,0.53997
       lol, gbdt_ntree50_lr0.02_md3_msl1, champion_one_team_sparse,11,0.52483,0.53883,0.52465,0.53373,0.52238,0.5341
       lol, gbdt_ntree50_lr0.01_md3_msl1, champion_one_team_sparse,11,0.52071,0.53269,0.52079,0.52824,0.51921,0.52881
       lol, gbdt_ntree50_lr0.1_md6_msl1, champion_one_team_sparse,27,0.57346,0.6106,0.53812,0.55096,0.53502,0.54858
       lol, gbdt_ntree50_lr0.05_md6_msl1, champion_one_team_sparse,23,0.5579,0.58894,0.53624,0.54858,0.53242,0.54405
       lol, gbdt_ntree50_lr0.02_md6_msl1, champion_one_team_sparse,24.33,0.53996,0.56425,0.52829,0.54043,0.52561,0.53785
       lol, gbdt_ntree50_lr0.01_md6_msl1, champion_one_team_sparse,24.67,0.53112,0.54842,0.5251,0.53359,0.52274,0.53339
       lol, gbdt_ntree50_lr0.1_md10_msl1, champion_one_team_sparse,60.67,0.65615,0.72951,0.53726,0.54801,0.5321,0.54367
       lol, gbdt_ntree50_lr0.05_md10_msl1, champion_one_team_sparse,62.33,0.62032,0.68177,0.53601,0.54708,0.53215,0.54283
       lol, gbdt_ntree50_lr0.02_md10_msl1, champion_one_team_sparse,64.33,0.57883,0.6273,0.52957,0.54081,0.52678,0.53899
       lol, gbdt_ntree50_lr0.01_md10_msl1, champion_one_team_sparse,60.33,0.55401,0.59005,0.52581,0.53765,0.52461,0.5353
       lol, gbdt_ntree50_lr0.1_md3_msl3, champion_one_team_sparse,9.67,0.54106,0.56087,0.53533,0.54895,0.53367,0.54624
       lol, gbdt_ntree50_lr0.05_md3_msl3, champion_one_team_sparse,9.33,0.53229,0.55096,0.53024,0.54381,0.52762,0.54
       lol, gbdt_ntree50_lr0.02_md3_msl3, champion_one_team_sparse,9.33,0.52481,0.5388,0.52465,0.53373,0.5224,0.53412
       lol, gbdt_ntree50_lr0.01_md3_msl3, champion_one_team_sparse,9.33,0.5207,0.53267,0.52079,0.52824,0.51922,0.52884
       lol, gbdt_ntree50_lr0.1_md6_msl3, champion_one_team_sparse,22.67,0.5728,0.60807,0.53998,0.55241,0.53487,0.54886
       lol, gbdt_ntree50_lr0.05_md6_msl3, champion_one_team_sparse,23.33,0.55742,0.58734,0.53713,0.54875,0.53182,0.54398
       lol, gbdt_ntree50_lr0.02_md6_msl3, champion_one_team_sparse,23,0.53934,0.56332,0.52829,0.54011,0.52511,0.53692
       lol, gbdt_ntree50_lr0.01_md6_msl3, champion_one_team_sparse,23,0.53084,0.54803,0.52476,0.53318,0.52282,0.53282
       lol, gbdt_ntree50_lr0.1_md10_msl3, champion_one_team_sparse,54.33,0.6382,0.7042,0.53895,0.5501,0.532,0.54483
       lol, gbdt_ntree50_lr0.05_md10_msl3, champion_one_team_sparse,57.67,0.61059,0.66715,0.53614,0.54745,0.52916,0.54258
       lol, gbdt_ntree50_lr0.02_md10_msl3, champion_one_team_sparse,59,0.57375,0.61811,0.5304,0.54353,0.52827,0.54031
       lol, gbdt_ntree50_lr0.01_md10_msl3, champion_one_team_sparse,61,0.55043,0.58419,0.52503,0.53728,0.5241,0.53469
       lol, gbdt_ntree50_lr0.1_md3_msl5, champion_one_team_sparse,9.67,0.54138,0.56108,0.53621,0.54899,0.53377,0.54729
       lol, gbdt_ntree50_lr0.05_md3_msl5, champion_one_team_sparse,10,0.53251,0.55093,0.53008,0.54382,0.52822,0.54022
       lol, gbdt_ntree50_lr0.02_md3_msl5, champion_one_team_sparse,9.33,0.52481,0.53877,0.52469,0.53378,0.52238,0.53412
       lol, gbdt_ntree50_lr0.01_md3_msl5, champion_one_team_sparse,9.33,0.52069,0.53268,0.52084,0.52828,0.51922,0.52889
       lol, gbdt_ntree50_lr0.1_md6_msl5, champion_one_team_sparse,22.33,0.56983,0.60446,0.53909,0.55254,0.53539,0.54931
       lol, gbdt_ntree50_lr0.05_md6_msl5, champion_one_team_sparse,24,0.5557,0.58511,0.53551,0.54842,0.53195,0.54421
       lol, gbdt_ntree50_lr0.02_md6_msl5, champion_one_team_sparse,22.67,0.53848,0.56211,0.52867,0.53977,0.5254,0.53734
       lol, gbdt_ntree50_lr0.01_md6_msl5, champion_one_team_sparse,23.33,0.53055,0.54737,0.52479,0.53305,0.52292,0.53326
       lol, gbdt_ntree50_lr0.1_md10_msl5, champion_one_team_sparse,54,0.62932,0.69031,0.5377,0.54829,0.5313,0.54485
       lol, gbdt_ntree50_lr0.05_md10_msl5, champion_one_team_sparse,53.67,0.60224,0.65383,0.53841,0.54961,0.53224,0.54405
       lol, gbdt_ntree50_lr0.02_md10_msl5, champion_one_team_sparse,57.67,0.56812,0.60923,0.53017,0.54187,0.52678,0.5395
       lol, gbdt_ntree50_lr0.01_md10_msl5, champion_one_team_sparse,57.67,0.54847,0.58014,0.52594,0.53788,0.52389,0.53518
       lol, gbdt_ntree50_lr0.1_md3_msl10, champion_one_team_sparse,9.67,0.54076,0.56085,0.53585,0.54958,0.53403,0.54652
       lol, gbdt_ntree50_lr0.05_md3_msl10, champion_one_team_sparse,9.67,0.53222,0.5505,0.53105,0.54329,0.52762,0.53994
       lol, gbdt_ntree50_lr0.02_md3_msl10, champion_one_team_sparse,9,0.52502,0.53812,0.52478,0.53336,0.52191,0.53355
       lol, gbdt_ntree50_lr0.01_md3_msl10, champion_one_team_sparse,9.33,0.5207,0.53256,0.52067,0.52824,0.51914,0.52884
       lol, gbdt_ntree50_lr0.1_md6_msl10, champion_one_team_sparse,22.33,0.56659,0.59957,0.54023,0.553,0.53461,0.54893
       lol, gbdt_ntree50_lr0.05_md6_msl10, champion_one_team_sparse,22.33,0.55387,0.58167,0.53564,0.54826,0.53294,0.54407
       lol, gbdt_ntree50_lr0.02_md6_msl10, champion_one_team_sparse,22.67,0.5376,0.56084,0.52844,0.5408,0.52585,0.53886
       lol, gbdt_ntree50_lr0.01_md6_msl10, champion_one_team_sparse,21.67,0.5298,0.54646,0.52478,0.53373,0.52256,0.53292
       lol, gbdt_ntree50_lr0.1_md10_msl10, champion_one_team_sparse,53.33,0.61561,0.66963,0.53737,0.54933,0.53385,0.5462
       lol, gbdt_ntree50_lr0.05_md10_msl10, champion_one_team_sparse,53.67,0.59123,0.63707,0.53778,0.54855,0.53351,0.54558
       lol, gbdt_ntree50_lr0.02_md10_msl10, champion_one_team_sparse,56.33,0.56243,0.59956,0.53162,0.54276,0.52945,0.54119
       lol, gbdt_ntree50_lr0.01_md10_msl10, champion_one_team_sparse,54.67,0.54517,0.57419,0.52602,0.53763,0.52464,0.53573
       lol, gbdt_ntree100_lr0.1_md3_msl1, champion_one_team_sparse, 19.67, 0.54984, 0.57296, 0.54112, 0.55526, 0.53748, 0.55175
       lol, gbdt_ntree100_lr0.05_md3_msl1, champion_one_team_sparse, 21.67, 0.54163, 0.56144, 0.53836, 0.54992, 0.53354, 0.54615
       lol, gbdt_ntree100_lr0.02_md3_msl1, champion_one_team_sparse, 22.67, 0.53048, 0.54756, 0.52936, 0.54135, 0.52696, 0.53801
       lol, gbdt_ntree100_lr0.01_md3_msl1, champion_one_team_sparse, 21.00, 0.52513, 0.53867, 0.52559, 0.53418, 0.52333, 0.53416
       lol, gbdt_ntree100_lr0.1_md6_msl1, champion_one_team_sparse, 47.33, 0.59607, 0.64190, 0.54015, 0.55392, 0.53675, 0.55100
       lol, gbdt_ntree100_lr0.05_md6_msl1, champion_one_team_sparse, 51.33, 0.57587, 0.61375, 0.53919, 0.55364, 0.53451, 0.54857
       lol, gbdt_ntree100_lr0.02_md6_msl1, champion_one_team_sparse, 53.00, 0.55381, 0.58337, 0.53431, 0.54628, 0.53080, 0.54277
       lol, gbdt_ntree100_lr0.01_md6_msl1, champion_one_team_sparse, 53.00, 0.53985, 0.56478, 0.52846, 0.54043, 0.52589, 0.53801
       lol, gbdt_ntree100_lr0.1_md10_msl1, champion_one_team_sparse, 132.00, 0.71306, 0.79785, 0.53405, 0.54653, 0.52926, 0.54108
       lol, gbdt_ntree100_lr0.05_md10_msl1, champion_one_team_sparse, 134.00, 0.66716, 0.74145, 0.53812, 0.54906, 0.53156, 0.54410
       lol, gbdt_ntree100_lr0.02_md10_msl1, champion_one_team_sparse, 133.00, 0.61183, 0.67124, 0.53389, 0.54627, 0.53056, 0.54261
       lol, gbdt_ntree100_lr0.01_md10_msl1, champion_one_team_sparse, 135.67, 0.57971, 0.62841, 0.53134, 0.54220, 0.52790, 0.53907
       lol, gbdt_ntree100_lr0.1_md3_msl3, champion_one_team_sparse, 21.67, 0.55000, 0.57275, 0.54054, 0.55562, 0.53711, 0.55200
       lol, gbdt_ntree100_lr0.05_md3_msl3, champion_one_team_sparse, 23.67, 0.54167, 0.56142, 0.53825, 0.54991, 0.53351, 0.54599
       lol, gbdt_ntree100_lr0.02_md3_msl3, champion_one_team_sparse, 23.33, 0.53047, 0.54754, 0.52936, 0.54134, 0.52697, 0.53803
       lol, gbdt_ntree100_lr0.01_md3_msl3, champion_one_team_sparse, 20.67, 0.52512, 0.53865, 0.52560, 0.53419, 0.52334, 0.53419
       lol, gbdt_ntree100_lr0.1_md6_msl3, champion_one_team_sparse, 51.00, 0.59273, 0.63644, 0.53995, 0.55423, 0.53560, 0.55135
       lol, gbdt_ntree100_lr0.05_md6_msl3, champion_one_team_sparse, 50.00, 0.57448, 0.61046, 0.53987, 0.55330, 0.53494, 0.54947
       lol, gbdt_ntree100_lr0.02_md6_msl3, champion_one_team_sparse, 50.67, 0.55312, 0.58194, 0.53517, 0.54666, 0.53087, 0.54287
       lol, gbdt_ntree100_lr0.01_md6_msl3, champion_one_team_sparse, 51.33, 0.53926, 0.56362, 0.52833, 0.54046, 0.52543, 0.53783
       lol, gbdt_ntree100_lr0.1_md10_msl3, champion_one_team_sparse, 113.00, 0.69047, 0.76898, 0.53606, 0.54830, 0.53213, 0.54429
       lol, gbdt_ntree100_lr0.05_md10_msl3, champion_one_team_sparse, 120.00, 0.64770, 0.71539, 0.53856, 0.55013, 0.53210, 0.54499
       lol, gbdt_ntree100_lr0.02_md10_msl3, champion_one_team_sparse, 123.67, 0.60121, 0.65482, 0.53585, 0.54731, 0.53179, 0.54254
       lol, gbdt_ntree100_lr0.01_md10_msl3, champion_one_team_sparse, 124.67, 0.57379, 0.61844, 0.52993, 0.54138, 0.52624, 0.53961
       lol, gbdt_ntree100_lr0.1_md3_msl5, champion_one_team_sparse, 19.67, 0.54932, 0.57233, 0.54089, 0.55487, 0.53819, 0.55259
       lol, gbdt_ntree100_lr0.05_md3_msl5, champion_one_team_sparse, 19.67, 0.54146, 0.56154, 0.53796, 0.55023, 0.53455, 0.54691
       lol, gbdt_ntree100_lr0.02_md3_msl5, champion_one_team_sparse, 19.67, 0.53043, 0.54740, 0.52951, 0.54135, 0.52667, 0.53817
       lol, gbdt_ntree100_lr0.01_md3_msl5, champion_one_team_sparse, 19.67, 0.52512, 0.53865, 0.52565, 0.53422, 0.52331, 0.53417
       lol, gbdt_ntree100_lr0.1_md6_msl5, champion_one_team_sparse, 46.67, 0.58944, 0.63173, 0.54078, 0.55462, 0.53695, 0.55177
       lol, gbdt_ntree100_lr0.05_md6_msl5, champion_one_team_sparse, 45.00, 0.57146, 0.60645, 0.53942, 0.55301, 0.53643, 0.54943
       lol, gbdt_ntree100_lr0.02_md6_msl5, champion_one_team_sparse, 45.33, 0.55136, 0.57952, 0.53442, 0.54678, 0.53054, 0.54252
       lol, gbdt_ntree100_lr0.01_md6_msl5, champion_one_team_sparse, 47.00, 0.53874, 0.56254, 0.52873, 0.54124, 0.52589, 0.53836
       lol, gbdt_ntree100_lr0.1_md10_msl5, champion_one_team_sparse, 108.00, 0.67434, 0.74810, 0.53671, 0.54805, 0.53062, 0.54239
       lol, gbdt_ntree100_lr0.05_md10_msl5, champion_one_team_sparse, 110.00, 0.63589, 0.69852, 0.53786, 0.55023, 0.53297, 0.54593
       lol, gbdt_ntree100_lr0.02_md10_msl5, champion_one_team_sparse, 114.67, 0.59400, 0.64385, 0.53523, 0.54742, 0.53112, 0.54359
       lol, gbdt_ntree100_lr0.01_md10_msl5, champion_one_team_sparse, 115.67, 0.56807, 0.60938, 0.53056, 0.54232, 0.52641, 0.53877
       lol, gbdt_ntree100_lr0.1_md3_msl10, champion_one_team_sparse, 20.33, 0.54990, 0.57252, 0.54125, 0.55485, 0.53829, 0.55159
       lol, gbdt_ntree100_lr0.05_md3_msl10, champion_one_team_sparse, 19.33, 0.54141, 0.56100, 0.53788, 0.54989, 0.53468, 0.54647
       lol, gbdt_ntree100_lr0.02_md3_msl10, champion_one_team_sparse, 19.33, 0.53049, 0.54738, 0.52889, 0.54076, 0.52725, 0.53797
       lol, gbdt_ntree100_lr0.01_md3_msl10, champion_one_team_sparse, 20.33, 0.52505, 0.53860, 0.52552, 0.53411, 0.52323, 0.53411
       lol, gbdt_ntree100_lr0.1_md6_msl10, champion_one_team_sparse, 43.33, 0.58354, 0.62351, 0.54230, 0.55595, 0.53659, 0.55192
       lol, gbdt_ntree100_lr0.05_md6_msl10, champion_one_team_sparse, 45.00, 0.56845, 0.60161, 0.54080, 0.55393, 0.53447, 0.54837
       lol, gbdt_ntree100_lr0.02_md6_msl10, champion_one_team_sparse, 47.67, 0.55013, 0.57711, 0.53377, 0.54709, 0.53083, 0.54281
       lol, gbdt_ntree100_lr0.01_md6_msl10, champion_one_team_sparse, 48.67, 0.53730, 0.56029, 0.52808, 0.54099, 0.52587, 0.53808
       lol, gbdt_ntree100_lr0.1_md10_msl10, champion_one_team_sparse, 102.33, 0.65277, 0.71735, 0.53700, 0.54952, 0.53385, 0.54788
       lol, gbdt_ntree100_lr0.05_md10_msl10, champion_one_team_sparse, 106.00, 0.61965, 0.67461, 0.53958, 0.55094, 0.53354, 0.54783
       lol, gbdt_ntree100_lr0.02_md10_msl10, champion_one_team_sparse, 114.00, 0.58557, 0.62913, 0.53629, 0.54829, 0.53327, 0.54502
       lol, gbdt_ntree100_lr0.01_md10_msl10, champion_one_team_sparse, 112.33, 0.56247, 0.59987, 0.53092, 0.54239, 0.52827, 0.54164
       lol, gbdt_ntree150_lr0.1_md3_msl1, champion_one_team_sparse, 32.33, 0.55498, 0.58054, 0.54305, 0.55790, 0.53751, 0.55392
       lol, gbdt_ntree150_lr0.05_md3_msl1, champion_one_team_sparse, 32.00, 0.54706, 0.56832, 0.53976, 0.55326, 0.53667, 0.54991
       lol, gbdt_ntree150_lr0.02_md3_msl1, champion_one_team_sparse, 31.67, 0.53459, 0.55388, 0.53269, 0.54599, 0.53036, 0.54220
       lol, gbdt_ntree150_lr0.01_md3_msl1, champion_one_team_sparse, 30.00, 0.52829, 0.54422, 0.52876, 0.53856, 0.52610, 0.53677
       lol, gbdt_ntree150_lr0.1_md6_msl1, champion_one_team_sparse, 73.00, 0.61246, 0.66451, 0.54203, 0.55546, 0.53662, 0.55036
       lol, gbdt_ntree150_lr0.05_md6_msl1, champion_one_team_sparse, 73.00, 0.58823, 0.63091, 0.54097, 0.55480, 0.53563, 0.55027
       lol, gbdt_ntree150_lr0.02_md6_msl1, champion_one_team_sparse, 74.33, 0.56331, 0.59609, 0.53671, 0.54950, 0.53374, 0.54643
       lol, gbdt_ntree150_lr0.01_md6_msl1, champion_one_team_sparse, 73.67, 0.54755, 0.57558, 0.53178, 0.54557, 0.52894, 0.54141
       lol, gbdt_ntree150_lr0.1_md10_msl1, champion_one_team_sparse, 173.00, 0.75560, 0.84520, 0.53303, 0.54456, 0.53061, 0.54267
       lol, gbdt_ntree150_lr0.05_md10_msl1, champion_one_team_sparse, 186.33, 0.69496, 0.77676, 0.53733, 0.54870, 0.53244, 0.54527
       lol, gbdt_ntree150_lr0.02_md10_msl1, champion_one_team_sparse, 197.67, 0.63455, 0.70046, 0.53702, 0.54748, 0.53242, 0.54439
       lol, gbdt_ntree150_lr0.01_md10_msl1, champion_one_team_sparse, 200.33, 0.59672, 0.65121, 0.53381, 0.54557, 0.52923, 0.54031
       lol, gbdt_ntree150_lr0.1_md3_msl3, champion_one_team_sparse, 31.33, 0.55460, 0.58016, 0.54332, 0.55812, 0.53794, 0.55421
       lol, gbdt_ntree150_lr0.05_md3_msl3, champion_one_team_sparse, 32.67, 0.54729, 0.56845, 0.53935, 0.55354, 0.53664, 0.54966
       lol, gbdt_ntree150_lr0.02_md3_msl3, champion_one_team_sparse, 33.67, 0.53485, 0.55396, 0.53264, 0.54615, 0.53059, 0.54237
       lol, gbdt_ntree150_lr0.01_md3_msl3, champion_one_team_sparse, 32.67, 0.52836, 0.54446, 0.52888, 0.53887, 0.52637, 0.53662
       lol, gbdt_ntree150_lr0.1_md6_msl3, champion_one_team_sparse, 72.00, 0.60829, 0.65815, 0.54036, 0.55515, 0.53680, 0.55163
       lol, gbdt_ntree150_lr0.05_md6_msl3, champion_one_team_sparse, 75.67, 0.58520, 0.62649, 0.54091, 0.55568, 0.53560, 0.55009
       lol, gbdt_ntree150_lr0.02_md6_msl3, champion_one_team_sparse, 75.67, 0.56234, 0.59405, 0.53637, 0.54987, 0.53396, 0.54637
       lol, gbdt_ntree150_lr0.01_md6_msl3, champion_one_team_sparse, 78.00, 0.54647, 0.57367, 0.53181, 0.54488, 0.52920, 0.54062
       lol, gbdt_ntree150_lr0.1_md10_msl3, champion_one_team_sparse, 175.33, 0.72983, 0.81466, 0.53484, 0.54716, 0.53208, 0.54452
       lol, gbdt_ntree150_lr0.05_md10_msl3, champion_one_team_sparse, 173.33, 0.67576, 0.75027, 0.53828, 0.54982, 0.53166, 0.54484
       lol, gbdt_ntree150_lr0.02_md10_msl3, champion_one_team_sparse, 185.00, 0.62106, 0.68038, 0.53687, 0.54936, 0.53263, 0.54440
       lol, gbdt_ntree150_lr0.01_md10_msl3, champion_one_team_sparse, 195.67, 0.58925, 0.63892, 0.53222, 0.54469, 0.52945, 0.54070
       lol, gbdt_ntree150_lr0.1_md3_msl5, champion_one_team_sparse, 32.00, 0.55460, 0.57986, 0.54334, 0.55712, 0.53914, 0.55471
       lol, gbdt_ntree150_lr0.05_md3_msl5, champion_one_team_sparse, 32.67, 0.54687, 0.56839, 0.54007, 0.55339, 0.53755, 0.55046
       lol, gbdt_ntree150_lr0.02_md3_msl5, champion_one_team_sparse, 32.00, 0.53472, 0.55396, 0.53288, 0.54620, 0.53054, 0.54233
       lol, gbdt_ntree150_lr0.01_md3_msl5, champion_one_team_sparse, 33.00, 0.52823, 0.54407, 0.52885, 0.53826, 0.52600, 0.53656
       lol, gbdt_ntree150_lr0.1_md6_msl5, champion_one_team_sparse, 72.33, 0.60314, 0.65102, 0.54018, 0.55469, 0.53643, 0.55042
       lol, gbdt_ntree150_lr0.05_md6_msl5, champion_one_team_sparse, 75.67, 0.58233, 0.62181, 0.54125, 0.55511, 0.53573, 0.55089
       lol, gbdt_ntree150_lr0.02_md6_msl5, champion_one_team_sparse, 76.33, 0.56021, 0.59114, 0.53637, 0.55026, 0.53482, 0.54632
       lol, gbdt_ntree150_lr0.01_md6_msl5, champion_one_team_sparse, 76.67, 0.54586, 0.57212, 0.53319, 0.54496, 0.52931, 0.54136
       lol, gbdt_ntree150_lr0.1_md10_msl5, champion_one_team_sparse, 172.33, 0.70881, 0.78921, 0.53514, 0.54784, 0.53309, 0.54407
       lol, gbdt_ntree150_lr0.05_md10_msl5, champion_one_team_sparse, 170.00, 0.66011, 0.72968, 0.53893, 0.55061, 0.53184, 0.54508
       lol, gbdt_ntree150_lr0.02_md10_msl5, champion_one_team_sparse, 175.33, 0.61193, 0.66727, 0.53741, 0.54938, 0.53213, 0.54425
       lol, gbdt_ntree150_lr0.01_md10_msl5, champion_one_team_sparse, 173.67, 0.58243, 0.62783, 0.53304, 0.54595, 0.52903, 0.54028
       lol, gbdt_ntree150_lr0.1_md3_msl10, champion_one_team_sparse, 30.00, 0.55467, 0.57937, 0.54264, 0.55724, 0.53816, 0.55409
       lol, gbdt_ntree150_lr0.05_md3_msl10, champion_one_team_sparse, 30.00, 0.54643, 0.56774, 0.54055, 0.55277, 0.53693, 0.54974
       lol, gbdt_ntree150_lr0.02_md3_msl10, champion_one_team_sparse, 29.67, 0.53421, 0.55376, 0.53199, 0.54550, 0.52973, 0.54232
       lol, gbdt_ntree150_lr0.01_md3_msl10, champion_one_team_sparse, 30.33, 0.52824, 0.54429, 0.52867, 0.53875, 0.52639, 0.53697
       lol, gbdt_ntree150_lr0.1_md6_msl10, champion_one_team_sparse, 68.00, 0.59649, 0.64086, 0.54251, 0.55581, 0.53776, 0.55289
       lol, gbdt_ntree150_lr0.05_md6_msl10, champion_one_team_sparse, 67.33, 0.57820, 0.61526, 0.54329, 0.55623, 0.53579, 0.55029
       lol, gbdt_ntree150_lr0.02_md6_msl10, champion_one_team_sparse, 66.00, 0.55835, 0.58761, 0.53546, 0.55005, 0.53276, 0.54616
       lol, gbdt_ntree150_lr0.01_md6_msl10, champion_one_team_sparse, 71.33, 0.54404, 0.56965, 0.53157, 0.54464, 0.52934, 0.54125
       lol, gbdt_ntree150_lr0.1_md10_msl10, champion_one_team_sparse, 151.00, 0.68195, 0.75366, 0.53656, 0.54982, 0.53490, 0.54627
       lol, gbdt_ntree150_lr0.05_md10_msl10, champion_one_team_sparse, 156.33, 0.64017, 0.70167, 0.53966, 0.55195, 0.53448, 0.54859
       lol, gbdt_ntree150_lr0.02_md10_msl10, champion_one_team_sparse, 162.67, 0.59963, 0.64847, 0.53789, 0.54993, 0.53557, 0.54734
       lol, gbdt_ntree150_lr0.01_md10_msl10, champion_one_team_sparse, 172.00, 0.57534, 0.61571, 0.53298, 0.54555, 0.53103, 0.54356
       lol, gbdt_ntree200_lr0.1_md3_msl1, champion_one_team_sparse, 46.33, 0.55918, 0.58604, 0.54543, 0.55918, 0.53873, 0.55519
       lol, gbdt_ntree200_lr0.05_md3_msl1, champion_one_team_sparse, 41.00, 0.55028, 0.57332, 0.54117, 0.55557, 0.53800, 0.55171
       lol, gbdt_ntree200_lr0.02_md3_msl1, champion_one_team_sparse, 48.67, 0.53879, 0.55794, 0.53595, 0.54803, 0.53143, 0.54427
       lol, gbdt_ntree200_lr0.01_md3_msl1, champion_one_team_sparse, 40.67, 0.53028, 0.54757, 0.52935, 0.54126, 0.52689, 0.53848
       lol, gbdt_ntree200_lr0.1_md6_msl1, champion_one_team_sparse, 94.00, 0.62701, 0.68340, 0.54042, 0.55376, 0.53463, 0.54982
       lol, gbdt_ntree200_lr0.05_md6_msl1, champion_one_team_sparse, 97.33, 0.59785, 0.64450, 0.54336, 0.55564, 0.53549, 0.55064
       lol, gbdt_ntree200_lr0.02_md6_msl1, champion_one_team_sparse, 97.33, 0.57088, 0.60623, 0.53812, 0.55178, 0.53479, 0.54773
       lol, gbdt_ntree200_lr0.01_md6_msl1, champion_one_team_sparse, 98.00, 0.55376, 0.58346, 0.53538, 0.54738, 0.53085, 0.54283
       lol, gbdt_ntree200_lr0.1_md10_msl1, champion_one_team_sparse, 231.67, 0.79354, 0.88288, 0.53235, 0.54429, 0.52876, 0.54095
       lol, gbdt_ntree200_lr0.05_md10_msl1, champion_one_team_sparse, 226.67, 0.72294, 0.80903, 0.53504, 0.54838, 0.53296, 0.54368
       lol, gbdt_ntree200_lr0.02_md10_msl1, champion_one_team_sparse, 249.33, 0.65221, 0.72324, 0.53711, 0.54920, 0.53181, 0.54316
       lol, gbdt_ntree200_lr0.01_md10_msl1, champion_one_team_sparse, 263.67, 0.61113, 0.66990, 0.53415, 0.54691, 0.53085, 0.54153
       lol, gbdt_ntree200_lr0.1_md3_msl3, champion_one_team_sparse, 41.67, 0.55885, 0.58594, 0.54472, 0.55903, 0.53875, 0.55551
       lol, gbdt_ntree200_lr0.05_md3_msl3, champion_one_team_sparse, 38.67, 0.54995, 0.57323, 0.54182, 0.55594, 0.53758, 0.55185
       lol, gbdt_ntree200_lr0.02_md3_msl3, champion_one_team_sparse, 41.33, 0.53870, 0.55795, 0.53622, 0.54812, 0.53223, 0.54454
       lol, gbdt_ntree200_lr0.01_md3_msl3, champion_one_team_sparse, 40.33, 0.53044, 0.54756, 0.52953, 0.54136, 0.52678, 0.53852
       lol, gbdt_ntree200_lr0.1_md6_msl3, champion_one_team_sparse, 87.67, 0.62099, 0.67505, 0.53895, 0.55491, 0.53627, 0.55165
       lol, gbdt_ntree200_lr0.05_md6_msl3, champion_one_team_sparse, 90.00, 0.59475, 0.63923, 0.54227, 0.55638, 0.53507, 0.55093
       lol, gbdt_ntree200_lr0.02_md6_msl3, champion_one_team_sparse, 93.33, 0.56883, 0.60290, 0.53775, 0.55150, 0.53547, 0.54844
       lol, gbdt_ntree200_lr0.01_md6_msl3, champion_one_team_sparse, 89.67, 0.55260, 0.58158, 0.53450, 0.54687, 0.53132, 0.54278
       lol, gbdt_ntree200_lr0.1_md10_msl3, champion_one_team_sparse, 211.00, 0.76327, 0.85057, 0.53593, 0.54701, 0.53096, 0.54227
       lol, gbdt_ntree200_lr0.05_md10_msl3, champion_one_team_sparse, 210.33, 0.69868, 0.77832, 0.53767, 0.55106, 0.53168, 0.54422
       lol, gbdt_ntree200_lr0.02_md10_msl3, champion_one_team_sparse, 222.00, 0.63715, 0.70158, 0.53887, 0.55027, 0.53398, 0.54547
       lol, gbdt_ntree200_lr0.01_md10_msl3, champion_one_team_sparse, 225.67, 0.60168, 0.65510, 0.53483, 0.54638, 0.53080, 0.54261
       lol, gbdt_ntree200_lr0.1_md3_msl5, champion_one_team_sparse, 37.67, 0.55846, 0.58552, 0.54350, 0.55825, 0.53977, 0.55612
       lol, gbdt_ntree200_lr0.05_md3_msl5, champion_one_team_sparse, 37.00, 0.55020, 0.57319, 0.54115, 0.55485, 0.53753, 0.55264
       lol, gbdt_ntree200_lr0.02_md3_msl5, champion_one_team_sparse, 38.67, 0.53883, 0.55802, 0.53619, 0.54810, 0.53179, 0.54437
       lol, gbdt_ntree200_lr0.01_md3_msl5, champion_one_team_sparse, 39.33, 0.53022, 0.54765, 0.52951, 0.54131, 0.52673, 0.53837
       lol, gbdt_ntree200_lr0.1_md6_msl5, champion_one_team_sparse, 89.67, 0.61551, 0.66771, 0.54018, 0.55387, 0.53716, 0.55041
       lol, gbdt_ntree200_lr0.05_md6_msl5, champion_one_team_sparse, 87.33, 0.59075, 0.63357, 0.54152, 0.55513, 0.53722, 0.55156
       lol, gbdt_ntree200_lr0.02_md6_msl5, champion_one_team_sparse, 90.33, 0.56665, 0.59988, 0.53797, 0.55229, 0.53521, 0.54803
       lol, gbdt_ntree200_lr0.01_md6_msl5, champion_one_team_sparse, 91.67, 0.55156, 0.57929, 0.53510, 0.54726, 0.53171, 0.54333
       lol, gbdt_ntree200_lr0.1_md10_msl5, champion_one_team_sparse, 200.00, 0.73870, 0.82412, 0.53379, 0.54575, 0.53182, 0.54252
       lol, gbdt_ntree200_lr0.05_md10_msl5, champion_one_team_sparse, 205.00, 0.68104, 0.75576, 0.53878, 0.54990, 0.53198, 0.54563
       lol, gbdt_ntree200_lr0.02_md10_msl5, champion_one_team_sparse, 221.67, 0.62562, 0.68559, 0.53960, 0.55156, 0.53229, 0.54510
       lol, gbdt_ntree200_lr0.01_md10_msl5, champion_one_team_sparse, 230.67, 0.59363, 0.64324, 0.53577, 0.54839, 0.53142, 0.54256
       lol, gbdt_ntree200_lr0.1_md3_msl10, champion_one_team_sparse, 44.33, 0.55811, 0.58469, 0.54310, 0.55840, 0.53909, 0.55540
       lol, gbdt_ntree200_lr0.05_md3_msl10, champion_one_team_sparse, 49.67, 0.54954, 0.57237, 0.54161, 0.55497, 0.53800, 0.55172
       lol, gbdt_ntree200_lr0.02_md3_msl10, champion_one_team_sparse, 49.33, 0.53844, 0.55773, 0.53588, 0.54788, 0.53145, 0.54405
       lol, gbdt_ntree200_lr0.01_md3_msl10, champion_one_team_sparse, 42.33, 0.53004, 0.54730, 0.52962, 0.54113, 0.52705, 0.53863
       lol, gbdt_ntree200_lr0.1_md6_msl10, champion_one_team_sparse, 96.67, 0.60781, 0.65567, 0.54091, 0.55621, 0.53755, 0.55263
       lol, gbdt_ntree200_lr0.05_md6_msl10, champion_one_team_sparse, 112.00, 0.58592, 0.62597, 0.54285, 0.55684, 0.53592, 0.55103
       lol, gbdt_ntree200_lr0.02_md6_msl10, champion_one_team_sparse, 105.00, 0.56417, 0.59558, 0.53796, 0.55215, 0.53510, 0.54843
       lol, gbdt_ntree200_lr0.01_md6_msl10, champion_one_team_sparse, 95.00, 0.54953, 0.57650, 0.53491, 0.54731, 0.53122, 0.54328
       lol, gbdt_ntree200_lr0.1_md10_msl10, champion_one_team_sparse, 212.33, 0.70617, 0.78352, 0.53549, 0.54730, 0.53215, 0.54592
       lol, gbdt_ntree200_lr0.05_md10_msl10, champion_one_team_sparse, 216.00, 0.65689, 0.72279, 0.53904, 0.55158, 0.53591, 0.54875
       lol, gbdt_ntree200_lr0.02_md10_msl10, champion_one_team_sparse, 220.67, 0.61151, 0.66371, 0.53841, 0.55135, 0.53442, 0.54781
       lol, gbdt_ntree200_lr0.01_md10_msl10, champion_one_team_sparse, 234.33, 0.58464, 0.62854, 0.53593, 0.54781, 0.53320, 0.54469
       lol, gbdt_ntree300_lr0.1_md3_msl1, champion_one_team_sparse, 64.67, 0.56551, 0.59516, 0.54493, 0.56049, 0.53852, 0.55610
       lol, gbdt_ntree300_lr0.05_md3_msl1, champion_one_team_sparse, 58.33, 0.55524, 0.58053, 0.54357, 0.55802, 0.53717, 0.55431
       lol, gbdt_ntree300_lr0.02_md3_msl1, champion_one_team_sparse, 60.33, 0.54393, 0.56460, 0.53964, 0.55181, 0.53571, 0.54832
       lol, gbdt_ntree300_lr0.01_md3_msl1, champion_one_team_sparse, 58.33, 0.53446, 0.55384, 0.53253, 0.54565, 0.53049, 0.54246
       lol, gbdt_ntree300_lr0.1_md6_msl1, champion_one_team_sparse, 137.67, 0.65155, 0.71573, 0.54060, 0.55392, 0.53742, 0.55095
       lol, gbdt_ntree300_lr0.05_md6_msl1, champion_one_team_sparse, 136.67, 0.61512, 0.66761, 0.54127, 0.55602, 0.53683, 0.55161
       lol, gbdt_ntree300_lr0.02_md6_msl1, champion_one_team_sparse, 139.67, 0.58177, 0.62176, 0.54010, 0.55464, 0.53438, 0.55021
       lol, gbdt_ntree300_lr0.01_md6_msl1, champion_one_team_sparse, 140.00, 0.56306, 0.59624, 0.53651, 0.55011, 0.53422, 0.54629
       lol, gbdt_ntree300_lr0.1_md10_msl1, champion_one_team_sparse, 339.33, 0.84979, 0.93190, 0.53095, 0.54220, 0.52733, 0.53973
       lol, gbdt_ntree300_lr0.05_md10_msl1, champion_one_team_sparse, 345.33, 0.76667, 0.85647, 0.53420, 0.54761, 0.53241, 0.54233
       lol, gbdt_ntree300_lr0.02_md10_msl1, champion_one_team_sparse, 365.33, 0.68143, 0.75933, 0.53809, 0.54951, 0.53132, 0.54431
       lol, gbdt_ntree300_lr0.01_md10_msl1, champion_one_team_sparse, 370.33, 0.63451, 0.69997, 0.53768, 0.54814, 0.53148, 0.54348
       lol, gbdt_ntree300_lr0.1_md3_msl3, champion_one_team_sparse, 60.33, 0.56483, 0.59460, 0.54488, 0.56039, 0.53907, 0.55616
       lol, gbdt_ntree300_lr0.05_md3_msl3, champion_one_team_sparse, 63.00, 0.55518, 0.58063, 0.54378, 0.55816, 0.53794, 0.55418
       lol, gbdt_ntree300_lr0.02_md3_msl3, champion_one_team_sparse, 57.67, 0.54413, 0.56471, 0.53872, 0.55199, 0.53589, 0.54850
       lol, gbdt_ntree300_lr0.01_md3_msl3, champion_one_team_sparse, 60.67, 0.53465, 0.55398, 0.53275, 0.54584, 0.53036, 0.54254
       lol, gbdt_ntree300_lr0.1_md6_msl3, champion_one_team_sparse, 130.33, 0.64357, 0.70442, 0.54152, 0.55468, 0.53669, 0.55048
       lol, gbdt_ntree300_lr0.05_md6_msl3, champion_one_team_sparse, 140.67, 0.61050, 0.66061, 0.54097, 0.55705, 0.53604, 0.55155
       lol, gbdt_ntree300_lr0.02_md6_msl3, champion_one_team_sparse, 125.67, 0.57906, 0.61764, 0.53951, 0.55394, 0.53575, 0.55072
       lol, gbdt_ntree300_lr0.01_md6_msl3, champion_one_team_sparse, 140.67, 0.56207, 0.59382, 0.53601, 0.54972, 0.53232, 0.54586
       lol, gbdt_ntree300_lr0.1_md10_msl3, champion_one_team_sparse, 320.00, 0.81655, 0.90314, 0.53523, 0.54466, 0.53176, 0.54207
       lol, gbdt_ntree300_lr0.05_md10_msl3, champion_one_team_sparse, 317.33, 0.73808, 0.82355, 0.53520, 0.54818, 0.53369, 0.54474
       lol, gbdt_ntree300_lr0.02_md10_msl3, champion_one_team_sparse, 337.33, 0.66371, 0.73453, 0.53913, 0.55085, 0.53333, 0.54602
       lol, gbdt_ntree300_lr0.01_md10_msl3, champion_one_team_sparse, 348.67, 0.62125, 0.68053, 0.53823, 0.54827, 0.53187, 0.54378
       lol, gbdt_ntree300_lr0.1_md3_msl5, champion_one_team_sparse, 59.67, 0.56480, 0.59390, 0.54358, 0.56021, 0.54029, 0.55712
       lol, gbdt_ntree300_lr0.05_md3_msl5, champion_one_team_sparse, 59.33, 0.55509, 0.58032, 0.54412, 0.55756, 0.53876, 0.55474
       lol, gbdt_ntree300_lr0.02_md3_msl5, champion_one_team_sparse, 62.00, 0.54370, 0.56456, 0.53857, 0.55183, 0.53594, 0.54839
       lol, gbdt_ntree300_lr0.01_md3_msl5, champion_one_team_sparse, 60.00, 0.53464, 0.55381, 0.53272, 0.54601, 0.52920, 0.54252
       lol, gbdt_ntree300_lr0.1_md6_msl5, champion_one_team_sparse, 134.67, 0.63691, 0.69561, 0.53938, 0.55506, 0.53562, 0.55006
       lol, gbdt_ntree300_lr0.05_md6_msl5, champion_one_team_sparse, 134.33, 0.60513, 0.65320, 0.54128, 0.55633, 0.53815, 0.55221
       lol, gbdt_ntree300_lr0.02_md6_msl5, champion_one_team_sparse, 133.00, 0.57652, 0.61374, 0.54081, 0.55470, 0.53607, 0.55011
       lol, gbdt_ntree300_lr0.01_md6_msl5, champion_one_team_sparse, 131.33, 0.56010, 0.59073, 0.53617, 0.54995, 0.53438, 0.54634
       lol, gbdt_ntree300_lr0.1_md10_msl5, champion_one_team_sparse, 310.00, 0.78919, 0.87679, 0.53360, 0.54439, 0.52787, 0.54107
       lol, gbdt_ntree300_lr0.05_md10_msl5, champion_one_team_sparse, 313.00, 0.71632, 0.79809, 0.53640, 0.54841, 0.53236, 0.54560
       lol, gbdt_ntree300_lr0.02_md10_msl5, champion_one_team_sparse, 327.67, 0.64882, 0.71484, 0.53919, 0.55139, 0.53258, 0.54629
       lol, gbdt_ntree300_lr0.01_md10_msl5, champion_one_team_sparse, 324.00, 0.61238, 0.66657, 0.53882, 0.55027, 0.53241, 0.54399
       lol, gbdt_ntree300_lr0.1_md3_msl10, champion_one_team_sparse, 58.33, 0.56411, 0.59300, 0.54441, 0.56059, 0.54004, 0.55693
       lol, gbdt_ntree300_lr0.05_md3_msl10, champion_one_team_sparse, 58.67, 0.55464, 0.57947, 0.54365, 0.55775, 0.53815, 0.55420
       lol, gbdt_ntree300_lr0.02_md3_msl10, champion_one_team_sparse, 59.67, 0.54346, 0.56413, 0.53789, 0.55123, 0.53601, 0.54781
       lol, gbdt_ntree300_lr0.01_md3_msl10, champion_one_team_sparse, 59.33, 0.53469, 0.55362, 0.53212, 0.54575, 0.53007, 0.54244
       lol, gbdt_ntree300_lr0.1_md6_msl10, champion_one_team_sparse, 128.33, 0.62628, 0.68047, 0.54128, 0.55602, 0.53618, 0.55228
       lol, gbdt_ntree300_lr0.05_md6_msl10, champion_one_team_sparse, 131.33, 0.59837, 0.64317, 0.54242, 0.55746, 0.53651, 0.55133
       lol, gbdt_ntree300_lr0.02_md6_msl10, champion_one_team_sparse, 133.33, 0.57293, 0.60794, 0.54029, 0.55506, 0.53503, 0.55085
       lol, gbdt_ntree300_lr0.01_md6_msl10, champion_one_team_sparse, 136.33, 0.55785, 0.58724, 0.53590, 0.54995, 0.53330, 0.54633
       lol, gbdt_ntree300_lr0.1_md10_msl10, champion_one_team_sparse, 339.33, 0.74684, 0.83080, 0.53379, 0.54494, 0.53135, 0.54509
       lol, gbdt_ntree300_lr0.05_md10_msl10, champion_one_team_sparse, 320.67, 0.68619, 0.75935, 0.53737, 0.54996, 0.53581, 0.54907
       lol, gbdt_ntree300_lr0.02_md10_msl10, champion_one_team_sparse, 335.33, 0.62984, 0.68815, 0.54039, 0.55245, 0.53539, 0.54894
       lol, gbdt_ntree300_lr0.01_md10_msl10, champion_one_team_sparse, 351.00, 0.59980, 0.64839, 0.53844, 0.55020, 0.53197, 0.54625
       lol, gbdt_ntree400_lr0.1_md3_msl1, champion_one_team_sparse, 83.67, 0.57002, 0.60181, 0.54422, 0.56078, 0.53917, 0.55616
       lol, gbdt_ntree400_lr0.05_md3_msl1, champion_one_team_sparse, 80.67, 0.55920, 0.58618, 0.54504, 0.55916, 0.53808, 0.55541
       lol, gbdt_ntree400_lr0.02_md3_msl1, champion_one_team_sparse, 78.33, 0.54764, 0.56960, 0.54099, 0.55442, 0.53683, 0.55067
       lol, gbdt_ntree400_lr0.01_md3_msl1, champion_one_team_sparse, 81.00, 0.53882, 0.55803, 0.53557, 0.54775, 0.53185, 0.54452
       lol, gbdt_ntree400_lr0.1_md6_msl1, champion_one_team_sparse, 182.67, 0.67222, 0.74263, 0.53874, 0.55267, 0.53430, 0.54965
       lol, gbdt_ntree400_lr0.05_md6_msl1, champion_one_team_sparse, 179.33, 0.62948, 0.68613, 0.54383, 0.55659, 0.53639, 0.55062
       lol, gbdt_ntree400_lr0.02_md6_msl1, champion_one_team_sparse, 175.33, 0.59091, 0.63489, 0.54261, 0.55583, 0.53547, 0.55069
       lol, gbdt_ntree400_lr0.01_md6_msl1, champion_one_team_sparse, 183.33, 0.57034, 0.60569, 0.53771, 0.55162, 0.53456, 0.54816
       lol, gbdt_ntree400_lr0.1_md10_msl1, champion_one_team_sparse, 452.67, 0.89146, 0.96152, 0.53170, 0.54125, 0.52761, 0.53630
       lol, gbdt_ntree400_lr0.05_md10_msl1, champion_one_team_sparse, 459.00, 0.80209, 0.89122, 0.53548, 0.54632, 0.53310, 0.54276
       lol, gbdt_ntree400_lr0.02_md10_msl1, champion_one_team_sparse, 469.67, 0.70407, 0.78668, 0.53838, 0.54956, 0.53254, 0.54448
       lol, gbdt_ntree400_lr0.01_md10_msl1, champion_one_team_sparse, 482.33, 0.65171, 0.72251, 0.53869, 0.54980, 0.53122, 0.54392
       lol, gbdt_ntree400_lr0.1_md3_msl3, champion_one_team_sparse, 82.33, 0.56995, 0.60129, 0.54555, 0.56111, 0.53962, 0.55638
       lol, gbdt_ntree400_lr0.05_md3_msl3, champion_one_team_sparse, 81.67, 0.55912, 0.58613, 0.54396, 0.55919, 0.53957, 0.55547
       lol, gbdt_ntree400_lr0.02_md3_msl3, champion_one_team_sparse, 83.67, 0.54772, 0.56954, 0.54144, 0.55444, 0.53750, 0.55077
       lol, gbdt_ntree400_lr0.01_md3_msl3, champion_one_team_sparse, 77.67, 0.53879, 0.55815, 0.53617, 0.54828, 0.53182, 0.54464
       lol, gbdt_ntree400_lr0.1_md6_msl3, champion_one_team_sparse, 171.67, 0.66394, 0.73083, 0.53953, 0.55345, 0.53560, 0.55010
       lol, gbdt_ntree400_lr0.05_md6_msl3, champion_one_team_sparse, 178.00, 0.62354, 0.67780, 0.54307, 0.55665, 0.53857, 0.55167
       lol, gbdt_ntree400_lr0.02_md6_msl3, champion_one_team_sparse, 175.33, 0.58782, 0.62943, 0.54232, 0.55536, 0.53688, 0.55142
       lol, gbdt_ntree400_lr0.01_md6_msl3, champion_one_team_sparse, 181.33, 0.56881, 0.60287, 0.53758, 0.55170, 0.53429, 0.54782
       lol, gbdt_ntree400_lr0.1_md10_msl3, champion_one_team_sparse, 424.33, 0.85556, 0.93586, 0.53052, 0.54142, 0.52910, 0.53859
       lol, gbdt_ntree400_lr0.05_md10_msl3, champion_one_team_sparse, 426.00, 0.77205, 0.85988, 0.53439, 0.54691, 0.53134, 0.54275
       lol, gbdt_ntree400_lr0.02_md10_msl3, champion_one_team_sparse, 439.67, 0.68335, 0.75945, 0.53874, 0.55124, 0.53203, 0.54561
       lol, gbdt_ntree400_lr0.01_md10_msl3, champion_one_team_sparse, 445.33, 0.63700, 0.70118, 0.53840, 0.54940, 0.53205, 0.54478
       lol, gbdt_ntree400_lr0.1_md3_msl5, champion_one_team_sparse, 76.33, 0.56919, 0.60063, 0.54456, 0.56137, 0.54100, 0.55752
       lol, gbdt_ntree400_lr0.05_md3_msl5, champion_one_team_sparse, 80.00, 0.55896, 0.58581, 0.54506, 0.55877, 0.53957, 0.55601
       lol, gbdt_ntree400_lr0.02_md3_msl5, champion_one_team_sparse, 80.00, 0.54760, 0.56949, 0.54050, 0.55423, 0.53828, 0.55084
       lol, gbdt_ntree400_lr0.01_md3_msl5, champion_one_team_sparse, 79.67, 0.53867, 0.55795, 0.53642, 0.54832, 0.53148, 0.54453
       lol, gbdt_ntree400_lr0.1_md6_msl5, champion_one_team_sparse, 174.67, 0.65527, 0.71989, 0.53985, 0.55296, 0.53586, 0.54974
       lol, gbdt_ntree400_lr0.05_md6_msl5, champion_one_team_sparse, 177.00, 0.61765, 0.66973, 0.54272, 0.55617, 0.53766, 0.55212
       lol, gbdt_ntree400_lr0.02_md6_msl5, champion_one_team_sparse, 174.00, 0.58473, 0.62484, 0.54235, 0.55558, 0.53695, 0.55075
       lol, gbdt_ntree400_lr0.01_md6_msl5, champion_one_team_sparse, 185.00, 0.56661, 0.59935, 0.53791, 0.55184, 0.53513, 0.54806
       lol, gbdt_ntree400_lr0.1_md10_msl5, champion_one_team_sparse, 422.67, 0.82746, 0.91222, 0.52948, 0.54113, 0.52714, 0.53947
       lol, gbdt_ntree400_lr0.05_md10_msl5, champion_one_team_sparse, 421.00, 0.74699, 0.83284, 0.53781, 0.54884, 0.53171, 0.54438
       lol, gbdt_ntree400_lr0.02_md10_msl5, champion_one_team_sparse, 405.33, 0.66688, 0.73799, 0.53925, 0.55146, 0.53297, 0.54600
       lol, gbdt_ntree400_lr0.01_md10_msl5, champion_one_team_sparse, 434.00, 0.62591, 0.68528, 0.54029, 0.55168, 0.53220, 0.54499
       lol, gbdt_ntree400_lr0.1_md3_msl10, champion_one_team_sparse, 82.00, 0.56868, 0.59938, 0.54514, 0.56144, 0.54030, 0.55719
       lol, gbdt_ntree400_lr0.05_md3_msl10, champion_one_team_sparse, 80.00, 0.55832, 0.58472, 0.54438, 0.55861, 0.53935, 0.55532
       lol, gbdt_ntree400_lr0.02_md3_msl10, champion_one_team_sparse, 83.33, 0.54728, 0.56889, 0.54003, 0.55371, 0.53763, 0.55018
       lol, gbdt_ntree400_lr0.01_md3_msl10, champion_one_team_sparse, 78.33, 0.53850, 0.55771, 0.53632, 0.54818, 0.53207, 0.54463
       lol, gbdt_ntree400_lr0.1_md6_msl10, champion_one_team_sparse, 172.67, 0.64293, 0.70259, 0.54211, 0.55471, 0.53557, 0.55169
       lol, gbdt_ntree400_lr0.05_md6_msl10, champion_one_team_sparse, 171.00, 0.60942, 0.65795, 0.54136, 0.55720, 0.53774, 0.55202
       lol, gbdt_ntree400_lr0.02_md6_msl10, champion_one_team_sparse, 177.33, 0.58025, 0.61775, 0.54188, 0.55625, 0.53664, 0.55147
       lol, gbdt_ntree400_lr0.01_md6_msl10, champion_one_team_sparse, 184.00, 0.56395, 0.59534, 0.53844, 0.55211, 0.53416, 0.54810
       lol, gbdt_ntree400_lr0.1_md10_msl10, champion_one_team_sparse, 396.33, 0.78094, 0.86656, 0.53379, 0.54352, 0.52991, 0.54307
       lol, gbdt_ntree400_lr0.05_md10_msl10, champion_one_team_sparse, 415.33, 0.71159, 0.78981, 0.53541, 0.55000, 0.53179, 0.54718
       lol, gbdt_ntree400_lr0.02_md10_msl10, champion_one_team_sparse, 393.67, 0.64504, 0.70761, 0.53908, 0.55213, 0.53537, 0.54874
       lol, gbdt_ntree400_lr0.01_md10_msl10, champion_one_team_sparse, 426.33, 0.61143, 0.66371, 0.53862, 0.55139, 0.53346, 0.54723
       lol, gbdt_ntree600_lr0.1_md3_msl1, champion_one_team_sparse, 121.67, 0.57794, 0.61280, 0.54527, 0.56132, 0.53925, 0.55647
       lol, gbdt_ntree600_lr0.05_md3_msl1, champion_one_team_sparse, 124.67, 0.56469, 0.59475, 0.54461, 0.56083, 0.54022, 0.55683
       lol, gbdt_ntree600_lr0.02_md3_msl1, champion_one_team_sparse, 125.67, 0.55226, 0.57653, 0.54350, 0.55714, 0.53798, 0.55337
       lol, gbdt_ntree600_lr0.01_md3_msl1, champion_one_team_sparse, 125.67, 0.54391, 0.56460, 0.53924, 0.55164, 0.53591, 0.54813
       lol, gbdt_ntree600_lr0.1_md6_msl1, champion_one_team_sparse, 292.00, 0.71083, 0.78939, 0.53864, 0.55195, 0.53349, 0.54712
       lol, gbdt_ntree600_lr0.05_md6_msl1, champion_one_team_sparse, 278.00, 0.65379, 0.71825, 0.54083, 0.55414, 0.53602, 0.55112
       lol, gbdt_ntree600_lr0.02_md6_msl1, champion_one_team_sparse, 279.33, 0.60634, 0.65516, 0.54266, 0.55667, 0.53759, 0.55182
       lol, gbdt_ntree600_lr0.01_md6_msl1, champion_one_team_sparse, 285.67, 0.58128, 0.62130, 0.54015, 0.55409, 0.53515, 0.55014
       lol, gbdt_ntree600_lr0.1_md10_msl1, champion_one_team_sparse, 710.33, 0.94182, 0.98741, 0.52752, 0.53762, 0.52391, 0.53385
       lol, gbdt_ntree600_lr0.05_md10_msl1, champion_one_team_sparse, 704.00, 0.85837, 0.93912, 0.53147, 0.54358, 0.52991, 0.54020
       lol, gbdt_ntree600_lr0.02_md10_msl1, champion_one_team_sparse, 695.00, 0.74270, 0.83098, 0.53609, 0.54745, 0.53025, 0.54308
       lol, gbdt_ntree600_lr0.01_md10_msl1, champion_one_team_sparse, 726.33, 0.68081, 0.75914, 0.53878, 0.55006, 0.53150, 0.54567
       lol, gbdt_ntree600_lr0.1_md3_msl3, champion_one_team_sparse, 126.33, 0.57783, 0.61247, 0.54485, 0.56116, 0.54053, 0.55697
       lol, gbdt_ntree600_lr0.05_md3_msl3, champion_one_team_sparse, 117.00, 0.56483, 0.59475, 0.54452, 0.56068, 0.53993, 0.55657
       lol, gbdt_ntree600_lr0.02_md3_msl3, champion_one_team_sparse, 122.33, 0.55216, 0.57642, 0.54295, 0.55711, 0.53845, 0.55340
       lol, gbdt_ntree600_lr0.01_md3_msl3, champion_one_team_sparse, 116.33, 0.54382, 0.56456, 0.53883, 0.55181, 0.53589, 0.54812
       lol, gbdt_ntree600_lr0.1_md6_msl3, champion_one_team_sparse, 292.33, 0.69893, 0.77433, 0.53668, 0.54997, 0.53649, 0.55054
       lol, gbdt_ntree600_lr0.05_md6_msl3, champion_one_team_sparse, 480.00, 0.64561, 0.70734, 0.54071, 0.55620, 0.53815, 0.55208
       lol, gbdt_ntree600_lr0.02_md6_msl3, champion_one_team_sparse, 650.33, 0.60179, 0.64859, 0.54172, 0.55605, 0.53845, 0.55214
       lol, gbdt_ntree600_lr0.01_md6_msl3, champion_one_team_sparse, 292.67, 0.57936, 0.61777, 0.54011, 0.55455, 0.53516, 0.54968
       lol, gbdt_ntree600_lr0.1_md10_msl3, champion_one_team_sparse, 609.00, 0.91038, 0.97245, 0.52865, 0.53766, 0.52409, 0.53588
       lol, gbdt_ntree600_lr0.05_md10_msl3, champion_one_team_sparse, 603.33, 0.82371, 0.90970, 0.53426, 0.54378, 0.52830, 0.54076
       lol, gbdt_ntree600_lr0.02_md10_msl3, champion_one_team_sparse, 601.00, 0.71794, 0.80118, 0.53619, 0.55016, 0.53352, 0.54555
       lol, gbdt_ntree600_lr0.01_md10_msl3, champion_one_team_sparse, 640.67, 0.66280, 0.73394, 0.53836, 0.55013, 0.53145, 0.54549
       lol, gbdt_ntree600_lr0.1_md3_msl5, champion_one_team_sparse, 105.67, 0.57767, 0.61158, 0.54571, 0.56155, 0.54030, 0.55751
       lol, gbdt_ntree600_lr0.05_md3_msl5, champion_one_team_sparse, 106.00, 0.56477, 0.59423, 0.54414, 0.56063, 0.54048, 0.55664
       lol, gbdt_ntree600_lr0.02_md3_msl5, champion_one_team_sparse, 106.00, 0.55232, 0.57631, 0.54292, 0.55699, 0.53901, 0.55364
       lol, gbdt_ntree600_lr0.01_md3_msl5, champion_one_team_sparse, 108.33, 0.54386, 0.56450, 0.53916, 0.55181, 0.53591, 0.54817
       lol, gbdt_ntree600_lr0.1_md6_msl5, champion_one_team_sparse, 252.33, 0.68901, 0.76202, 0.53969, 0.55151, 0.53447, 0.54880
       lol, gbdt_ntree600_lr0.05_md6_msl5, champion_one_team_sparse, 284.33, 0.63832, 0.69776, 0.54149, 0.55573, 0.53844, 0.55128
       lol, gbdt_ntree600_lr0.02_md6_msl5, champion_one_team_sparse, 283.00, 0.59770, 0.64260, 0.54258, 0.55631, 0.53701, 0.55166
       lol, gbdt_ntree600_lr0.01_md6_msl5, champion_one_team_sparse, 285.33, 0.57624, 0.61312, 0.54067, 0.55451, 0.53544, 0.55018
       lol, gbdt_ntree600_lr0.1_md10_msl5, champion_one_team_sparse, 629.33, 0.88111, 0.95416, 0.52844, 0.53849, 0.52809, 0.53823
       lol, gbdt_ntree600_lr0.05_md10_msl5, champion_one_team_sparse, 582.33, 0.79554, 0.88295, 0.53301, 0.54514, 0.52879, 0.54235
       lol, gbdt_ntree600_lr0.02_md10_msl5, champion_one_team_sparse, 611.67, 0.69783, 0.77638, 0.53784, 0.55072, 0.53194, 0.54570
       lol, gbdt_ntree600_lr0.01_md10_msl5, champion_one_team_sparse, 604.67, 0.64798, 0.71421, 0.54057, 0.55145, 0.53249, 0.54597
       lol, gbdt_ntree600_lr0.1_md3_msl10, champion_one_team_sparse, 106.00, 0.57628, 0.60952, 0.54521, 0.56134, 0.53996, 0.55757
       lol, gbdt_ntree600_lr0.05_md3_msl10, champion_one_team_sparse, 104.33, 0.56410, 0.59293, 0.54409, 0.56019, 0.53975, 0.55638
       lol, gbdt_ntree600_lr0.02_md3_msl10, champion_one_team_sparse, 105.67, 0.55170, 0.57562, 0.54229, 0.55650, 0.53717, 0.55279
       lol, gbdt_ntree600_lr0.01_md3_msl10, champion_one_team_sparse, 108.33, 0.54345, 0.56404, 0.53805, 0.55169, 0.53623, 0.54790
       lol, gbdt_ntree600_lr0.1_md6_msl10, champion_one_team_sparse, 254.33, 0.67226, 0.74002, 0.54036, 0.55318, 0.53544, 0.55016
       lol, gbdt_ntree600_lr0.05_md6_msl10, champion_one_team_sparse, 244.33, 0.62807, 0.68297, 0.54178, 0.55710, 0.53755, 0.55232
       lol, gbdt_ntree600_lr0.02_md6_msl10, champion_one_team_sparse, 241.33, 0.59185, 0.63369, 0.54300, 0.55708, 0.53766, 0.55238
       lol, gbdt_ntree600_lr0.01_md6_msl10, champion_one_team_sparse, 250.00, 0.57269, 0.60771, 0.54050, 0.55476, 0.53518, 0.55045
       lol, gbdt_ntree600_lr0.1_md10_msl10, champion_one_team_sparse, 592.67, 0.82931, 0.91286, 0.52910, 0.53959, 0.52881, 0.53897
       lol, gbdt_ntree600_lr0.05_md10_msl10, champion_one_team_sparse, 559.33, 0.75334, 0.83746, 0.53410, 0.54649, 0.53205, 0.54596
       lol, gbdt_ntree600_lr0.02_md10_msl10, champion_one_team_sparse, 562.00, 0.66987, 0.74029, 0.53922, 0.55173, 0.53393, 0.54876
       lol, gbdt_ntree600_lr0.01_md10_msl10, champion_one_team_sparse, 596.33, 0.62951, 0.68764, 0.53947, 0.55185, 0.53422, 0.54925
